id,name,link,hometown,genre,image,description,similar1,similar2,similar3,event1_venue,event1_date,event1_start,event1_end,event2_venue,event2_date,event2_start,event2_end,shawn
bd001,A Minor Revolution,https://aminorrevolution.bandcamp.com/,"Dover, NH",Punk,bd001.png,"A Minor Revolution combines influences from NOFX, Mad Caddies, Mischief Brew, and Sublime and have been a staple of the DIY punk scene in New Hampshire and Boston for the past 6 years. The band's style is self-described as a ADHD-Fueled mix of punk, rock and roll, and the darker side of ska with a little bit of weird to keep things interesting.",,,,Le Jardin des bières,5/20/2016,18:00,18:30,,,,,
bd002,A Perfect Murder,https://www.facebook.com/apmxhc/,"Drummondville / Granby, PQ",Hardcore,bd002.jpg,"While it can be argued that some cats indeed have nine lives, the same cannot always be said about metal and hardcore bands, with even the luckiest enjoying two but rarely more. Sprouting up nearly six years ago from the extreme music mecca of Canada and even North America at large, Montreal Quebec, A Perfect Murder beat the odds and are now on their third or fourth life at least. But time is still on their side; the band began recording when still in their teens, highlighting an early appetite for crafting heavy music not unlike legendary acts Led Zeppelin, Black Sabbath, Metallica, and Pantera did during their formative years.",Throwdown,Full Blown Chaos,Kings of Sorrow,Foufones,5/20/2016,23:00,23:45,,,,,x
bd003,Apes,https://apesqc.bandcamp.com/,"Quebec City, PQ",Hardcore,bd003.jpg,"No heaven, no hell, just pain, then death",,,,,,,,,,,,
bd004,Ariane Zita,https://www.facebook.com/arianezitamusique/?fref=ts,"Montréal, PQ",Indie Folk,bd004.jpg,"Multi-instrumentiste douée – elle joue de la guitare, du piano et du violon –, cette diplômée en langues fait ses premiers pas sur les planches en 2010, dans le cadre du spectacle d’ouverture du Festival OFF de Québec.",Chloé Lacasse,Philémon Cimon,Chantal Archambault,,,,,,,,,
bd005,ATD,https://www.facebook.com/atdvan/,"Vancouver, BC",,bd005.jpg,,,,,,,,,,,,,
bd006,Ate Bit,https://atebit.bandcamp.com/releases,"Beacon, NY",Punk,bd006.jpg,"All our options were grow up, and prolong suffering.",,,,,,,,,,,,
bd007,Audio Visceral,https://audiovisceralvkh.bandcamp.com/,"Vankleek Hill, ON",Punk,bd007.jpg,,,,,,,,,,,,,
bd008,Avenues,https://avenuesrock.bandcamp.com/,"Milwaukee, WI",Punk,bd008.jpg,"Avenues is a punk rock quartet from Milwaukee, Wisconsin which originally formed in January of 2006 by Vin Smith after parting way from 52Metro. After a few member changes, Avenues current lineup came together in 2009.",,,,,,,,,,,,
bd009,Barrasso,https://www.facebook.com/barrassomusique,"Montréal, PQ",Punk,bd009.jpg,"Formé officiellement en 2011, Barrasso accumule les compositions musicales au fil des années. Avec une attirance pour les groupes comme Hot Snakes, The Bronx et Hot Water Music, Barrasso y trouve rapidement son compte. Cependant, la fierté d’écrire en français s’impose. ",,,,Theatre Ste. Catherine,5/21/2016,0:45,1:15,,,,,
bd010,Barricade,https://barricadernhc819.bandcamp.com/releases,"Rouyn Noranda, PQ",Rock,bd010.jpg,"Après avoir participé à différents projets communs, dont Le Conflit, les gars ont laissé leur son évoluer vers les confins du post hardcore. Ils y ont ajouté leurs claires influences post rock pour obtenir une musique instrumentale plutôt planante mais aussi agressive à la fois.",,,,Piranha Bar,5/20/2016,18:15,18:45,,,,,
bd011,Bastardous,https://www.facebook.com/Bastardous-329322653860353/?fref=nf,"Ferndale, MI",Punk,bd011.jpg,,,,,,,,,,,,,
bd012,Behind Deadlines,https://behinddeadlines.bandcamp.com/,"Philadelphia, Pennsylvania",Ska,bd012.jpg,,,,,,,,,,,,,
bd013,Belvedere,http://belvedereband.com/,"Calgary, Alberta",Punk,bd013.jpg,,,,,,,,,,,,,x
bd014,Better Things,http://betterthingsband.com/,"Burlington, Vermont",Punk,bd014.jpg,"Better Things is an alternative-punk band from the city of Burlington, Vermont. Over the course of five years they have continued to evolve their music into what you hear today, an eclectic blend of punk music that gets any crowd singing along.",,,,,,,,,,,,
bd015,Big D And The Kids Table,http://www.bigdandthekidstable.com/,"Boston, MA",Ska,bd015.jpg,"Big D and the Kids Table front man David McWane has said, “There are people who want to be in a band and then there are musicians.” Once in a while a group comes along that makes music simply because they have no other choice – they are addicted musicians. For the past fifteen years Boston’s Big D And The Kids Table has proven just that, regardless of the band’s poverty. McWane describes the group as – “We’re modern American gypsies,” And you can feel that sense in their wildest record yet – For The Damned The Dumb & The Delirious",,,,Le Jardin des bières,5/20/2016,21:00,21:45,,,,,x
bd016,Bike Tuff,https://bikingtuff.bandcamp.com/,"Kalamazoo, MI",Punk,bd016.jpg,"Hailing from the ""farm belt"" that rolls across Southern Michigan, we don't have an elaborate agenda for Bike Tuff. We have beards because we can't always afford razors, we play fast because half the dudes are from Jersey, and we love playing in basements because there's no stage for us to fall off of.",,,,TRH Bar,5/20/2016,20:30,21:00,,,,,
bd017,Blossom,https://blossomband.bandcamp.com/releases,"Rimouski, Québec",Punk,bd017.jpg,,,,,Katacombes,5/20/2016,20:00,20:30,,,,,
bd018,Blurry Eyes,#,,,,,,,,,,,,,,,,
bd019,BOIDS,https://www.facebook.com/boidsmtl,"Montréal, PQ",Punk,bd019.jpg,"How do you define this made-up word? You define it as BOIDS; Montréal’s unstoppable punkrock juggernaut, channeling heartache, cosmic frustration and inspiration into a sweaty mess of pop-punk, thrash and old-school HC.",,,,,,,,,,,,
bd020,Bong Mountain,https://bngmtn.bandcamp.com/,"Grand Rapids, Michigan",Punk,bd020.jpg,"Somewhere there exists a dreary village at the base of a mighty mountain. The village is populated by people or elves or some shit, all of whom are totally miserable all the time, their lives are super boring. The mountain, for reasons no one knows, they call Bong Mountain.",,,,,,,,,,,,
bd021,Bottle Kids,https://www.facebook.com/bottlekidschicago/,"Chicago, IL",Punk,bd021.jpg,"Midwest Punk-We are driven by our influence of being under the influence. Crappy jobs, no money and singing out of key.",,,,,,,,,,,,
bd022,Brand New Lungs,https://www.facebook.com/brandnewlungs/?fref=ts,"Montréal, PQ",Punk,bd022.jpg,Pop-punk/punk rock band from Montreal,,,,,,,,,,,,
bd023,Break Anchor,https://breakanchor.bandcamp.com/,"Detroit, MI",Punk,bd023.jpg,"When Jay Navarro, the singer/frontman of the Suicide Machines and Hellmouth, finally hit bottom and came out of a haze of booze, pills, anger and depression, he had a fresh outlook. He wrote a song so full of melody and so full of angst, he felt he had found himself again. “A Failure Of Epic Proportions” is a song about the Midwest American experience of growing into adulthood. ",,,,,,,,,,,,
bd024,Brendan Kelly,https://www.youtube.com/watch?v=KVHx-N1hk5k,"Chicago, IL",Punk,bd024.jpg,,,,,,,,,,,,,
bd025,Brutal Youth,https://brutalyouth.bandcamp.com/,"Toronto, Ontario",Punk,bd025.jpg,"Brutal Youth are like a loaded gun just, point us at whatever needs to die.",,,,Foufones,5/20/2016,21:15,21:45,,,,,x
bd026,Bucky Harris,https://buckyharris.bandcamp.com/,"Montréal, PQ",Punk,bd026.jpg,"Bucky Harris is a band from Montreal, Quebec, playing a mixture of punk, rock and folk to create their distinct sound. They have toured Quebec and Ontario, and have had the pleasure of playing such festivals as Pouzza Fest, Rockaganza and Buckfest.",,,,Theatre Ste. Catherine,5/20/2016,21:00,21:30,,,,,
bd027,Charles Landry,https://www.facebook.com/tonplusfort/,,,bd027.jpg,,,,,,,,,,,,,
bd028,Chuck Coles,https://chuckcoles.bandcamp.com/releases,"Toronto, Ontario",Punk,bd028.jpg,,,,,,,,,,,,,
bd029,City Mouse,https://citymouse.bandcamp.com/,"Riverside, California",Punk,bd029.jpg,,,,,,,,,,,,,
bd030,Colour Wheel,http://colourwheelsongs.bandcamp.com,"Montréal, PQ",Alt Rock,bd030.jpg,"With an inability to shake nostalgia, Colour Wheel make songs that sound both old and new while remaining undeniably catchy throughout.",,,,Katacombes,5/20/2016,19:15,19:45,,,,,
bd031,Comedy Acts,#,,,,,,,,,,,,,,,,
bd032,Condition Oakland,https://conditionoaklandpa.bandcamp.com/,"Ashland, PA",Folk,bd032.jpg,"Condition Oakland started in late 2008/ Early 2009 as the Solo project of Tyler. Since then Condition Oakland has grown in to a full band. Standing by a strong code of D.I.Y. touring and ethics. In May 2015 the band released it newest e.p. titled “Nervous Ghost” on Digital Format for “Pay What You Want” Along with a CD & 7""inch.",,,,Foufounes,5/22/2016,12:30,1:00,,,,,
bd033,Curt Murder,https://curtmurderfanclub.bandcamp.com/,"London, ON",Punk,bd033.jpg,,,,,,,,,,,,,x
bd034,Cut Up,https://www.facebook.com/cutupsf/,"San Francisco, California",Punk,bd034.jpg,,,,,Theatre Ste. Catherine,5/20/2016,20:15,20:45,,,,,
bd035,Dark Circles,https://darkcircles.bandcamp.com/,"Montréal, PQ",Hardcore,bd035.jpg,,,,,,,,,,,,,
bd036,Dead Broke,http://deadbrokeband.com/,"Oakville, ON",New Wave,bd036.jpg,,,,,,,,,,,,,
bd037,Dead to Me,https://www.facebook.com/deadtomesf,"San Francisco, California",Punk,bd037.jpg,,,,,,,,,,,,,
bd038,Dead Weights,https://deadweights.bandcamp.com/,"Ottawa, Ontario",Punk,bd038.jpg,Dead Weights started in 2010 and has played a significant amount of local shows and basements since conception. A lot of beers have been drank. A lot of strings have been broken.,,,,,,,,,,,,
bd039,Dead Words,https://deadwordstx.bandcamp.com/,"Fort Worth, Tx",Punk,bd039.jpg,,,,,,,,,,,,,
bd040,Deeper Well,https://deeperwell.bandcamp.com/,"Montréal, PQ",Hardcore,bd040.jpg,,,,,,,,,,,,,
bd041,Deja Mort,https://www.facebook.com/dejamortmusique/,"Rimouski, Québec",Hardcore,bd041.jpg,,,,,Foufones,5/20/2016,19:00,19:15,,,,,
bd042,Dig It Up,https://digitup.bandcamp.com/,"Montréal, PQ",Punk,bd042.jpg,"Since 2008, Dig It Up has been turning strangers into best friends, dead cities into great adventures and created thousands of memories (some good, some not so good) of the shit show we like to call DIG IT UP.",,,,,,,,,,,,x
bd043,Dirty Kills,https://dirtykills.bandcamp.com/,"Moncton, New Brunswick",Punk,bd043.jpg,,,,,,,,,,,,,
bd044,Dowsing,https://www.facebook.com/Dowsingband/,"Chicago, IL",Indie,bd044.jpg,,,,,,,,,,,,,
bd045,Dragged In,https://draggedin.bandcamp.com/,"Toronto, ON",,bd045.jpg,,,,,Foufones,5/20/2016,18:15,18:45,,,,,
bd046,Drug Church,https://www.facebook.com/drugchurch/,"Albany,NY",Alternative,bd046.jpg,,,,,,,,,,,,,
bd047,Due North,https://duenorth.bandcamp.com/,"Detroit, MI",Punk,bd047.jpg,"Due North is a four piece, punk influenced, rock and roll band from Southeast Michigan",,,,,,,,,,,,
bd048,Elder Abuse,https://elderabuse.bandcamp.com/,"Winnipeg, Manitoba",Punk,bd048.jpg,We've been in some bands before. Banned from Econo-Lodge world wide.,,,,Piranha Bar,5/20/2016,19:00,19:30,,,,,
bd049,Enforcers,https://www.facebook.com/EnForcersmtl/,"Montréal, PQ",Hardcore,bd049.jpg,,,,,,,,,,,,,x
bd050,Escape Uken!,https://escapeuken.bandpage.com/,"Montréal, PQ",Punk,bd050.jpg,Five long time best friends making music together by passion and for fun with a common goal of making you move your feet and bang your head.,,,,Piranha Bar,5/20/2016,20:30,21:00,,,,,
bd051,Excess,https://excessmtl.bandcamp.com/,"Montréal, PQ",Death Metal,bd051.jpg,,,,,Foufones,5/20/2016,20:30,21:00,,,,,
bd052,Five Minute Major,https://fiveminutemajor.bandcamp.com/,"Montréal, PQ",Folk,bd052.jpg,"Acoustic/folk/punk band from Montreal, formed in 2013 by longtime friends Francis Morelli & Frank J. Leonard. In May 2014, they released a debut EP entitled ""We Aren't Kids Enough"" defining their unique sound of aggressive voices & catchy sing alongs. Early 2015, they hit Emery Street Studio as a trio with the addition of Justin Judd on bass guitar, to record ""Black Sheep"".",,,,Frite Alors!,5/20/2016,23:15,23:45,,,,,
bd053,Flatfoot 56,http://www.flatfoot56.com/,"Chicago, IL",Punk,bd053.jpg,"Playing a positive-natured brand of hardcore-tinged Celtic punk, Flatfoot 56 has been unleashing itself upon America and the rest of the world for over 10 years now. Forming in 2000, the Chicago natives achieved nationwide attention with their first two label-backed records, 2006’s Knuckles Up and 2007’s Jungle of the Midwest Sea. These releases built on a heavy dose of previously established regional notoriety, helping the band gain steam early on.",,,,,,,,,,,,
bd054,Fourth Son,https://www.facebook.com/fourthsonhc,"Tampa, Florida",Hardcore,bd054.jpg,,,,,,,,,,,,,
bd055,Frank & Earnest,https://frankandearnest.bandcamp.com/,"Lansing, MI",Punk,bd055.jpg,"""None of us like playing music, we just like to hang out and drink. Well, Horky likes playing music, but that's not why he's in this band... he's just looking to get out of the house once in a while."" - Otis",,,,,,,,,,,,
bd056,Fucko,https://fucko.bandcamp.com/,"Boston, Massachusetts",Punk,bd056.jpg,two babes and a hunk,,,,,,,,,,,,
bd057,Full Of Hell,https://www.facebook.com/fullofhell/,"Ocean City, Maryland",Grindcore,bd057.jpg,Harsh grinding death from the east coast. Numb your mind.,,,,,,,,,,,,
bd058,Get Dead,https://www.facebook.com/getdeadband,"San Francisco, California",Punk,bd058.jpg,"""We were supposed to have band practice but instead we hollowed out a bunch of pineapples and put gin inside of them; it got sticky and since then we've just been Get Dead,""",,,,,,,,,,,,
bd059,Get The Shot,https://gettheshot.bandcamp.com/,Quebec City,Hardcore,bd059.jpg,,,,,Foufones,5/20/2016,22:00,22:45,,,,,
bd060,Golden Python,https://golden-python.bandcamp.com/,"Montréal, PQ",,bd060.jpg,,,,,,,,,,,,,
bd061,Green Cup,https://www.facebook.com/Green-Cup-11685472553/,"Montréal, PQ",Folk,bd061.jpg,,,,,,,,,,,,,
bd062,Half Truth,https://halftruthmtl.bandcamp.com/,"Montréal, PQ",Hardcore,bd062.jpg,"We play punk hardcore music in a ill-lit environnement. ",,,,Piranha Bar,5/20/2016,19:45,20:15,,,,,
bd063,Harriers,https://harriersmtl.bandcamp.com/,"Montréal, PQ",Hardcore,bd063.jpg,,,,,,,,,,,,,
bd064,Head Down,https://www.facebook.com/HeadDownMusic/,"Timmins, Ontario",Punk,bd064.jpg,Three piece socially charged skate / pop punk from the true north of Ontario.,,,,Piranha Bar,5/20/2016,21:15,21:45,,,,,
bd065,In The Meantime,https://www.facebook.com/inthemeantimeboston/,"Peabody, MA",Punk,bd065.jpg,"In The Meantime formed when two veteran bands from Boston's Northshore punk scene, The Munchies and Local Tough Guy, fell victim to growing up and various quarter life crises. Those who had either survived or resisted the transition to adulthood decided to start a new band that would play a brand of melodic punk rock that would reflect that transition: mature enough in lyrics and technical enough in style to support your questionable claims of adulthood, yet melodic and catchy enough to satiate your hidden Blink 182 loving inner child. ",,,,,,,,,,,,
bd066,Insubordination,https://insubordination.bandcamp.com/,"Richmond, VA",Punk,bd066.jpg,"Scott, Christian and Bryan of INSUBORDINATION bring together the punk sensibilities of NOFX, The Ramones, The Dead Milkmen, and Husker DU, mixed up with their own brand of youthful angst and wry sense of humor. Bringing back to punk what has been taken away in more recent years as punk became more mainstream. Extremely catchy riffs thought provoking lyrics added in with some anthem style gang vocals, produces a great mix of songs that are sure to become PUNK ANTHEMS!",,,,Foufones,5/20/2016,17:30,18:00,,,,,
bd067,Jabber,https://jabberpop.bandcamp.com/,San Francisco Bay Area,Pop,bd067.jpg,Melody driven pop punk from ex-members of Dead Ringer and The Pillowfights!,,,,,,,,,,,,
bd068,Jenn Fiorentino,http://jennfiorentino.com/,"Markham, Ontario",Punk,bd068.jpg,"Despite an innate love for singing and lyricism, her formative years consisted mostly of athletic pursuits, rather than artistic. Although her earliest musical tastes failed to inspire her own musical endeavors, that quickly changed when a few chance lyrics led her to the hallowed sounds of Social Distortion and Minor Threat.",,,,,,,,,,,,
bd069,Jesse Lebourdais,https://jesselebourdais.bandcamp.com/,"Horsefly, B.C.",Punk,bd069.jpg,"""Hardcore guys sing folk songs all the time, but no one belts them out like LeBourdais. No one can capture the honesty, the raw emotion quite the way he can. These aren't your average sing-along songs, but you'll find yourself singing along anyway."" — CBC Music",,,,TRH Bar,5/20/2016,18:15,18:45,,,,,
bd070,Jonathan Becker,https://jonathanbecker.bandcamp.com/,"Ottawa, ON",Folk,bd070.jpg,Scrapping and yelling. Mixing it up. Loving every minute with this damn crew.,,,,,,,,,,,,
bd071,Julius Sumner Miller,https://www.facebook.com/Julius-Sumner-Miller-257182041112969/,"Calgary, Alberta",Punk,bd071.jpg,"Because sometimes you just say fuck it. Sometimes a bunch of musicians can just hang out, drink beer and play good punk rock with their friends because it fucking rules. What comes after that is all icing on the cake. In a world bursting with whitewash garbage, gimmicks, and branding, Julius Sumner Miller delivers the straight goods. With no one to impress and nothing to apologize for this Calgary Punk Rock crew plays fast, hard and devoid of bullshit. Drawing inspiration and a name from the badass life of Julius Sumner Miller (remember the crazy professor on “The Hilarious House of Frightenstein”) JSM embodies the alternative, DIY persona. Having been recruited by friendship, and sharing a common love of fast riffs and cheap beer JSM is set to lay waste to all those who oppose the healing power of punk rock. 2014 is the year of the JSM. Steady yourself.",,,,,,,,,,,,
bd072,Junior Battles,https://www.facebook.com/juniorbattles,"Toronto, ON",Rock,bd072.jpg,"Junior Battles like the following: ‘90s CanRock, the Back to the Future trilogy, old pop-punk, The Wire, post-hardcore, and the works of Mike Judge. Rally is their second full-length and best attempt to assimilate all their interests into one listenable place.",,,,,,,,,,,,x
bd073,Katie Ellen (ex-Chumped),https://katiebandellen.bandcamp.com/,"Queens, NY",,bd073.jpg,,,,,,,,,,,,,
bd074,Kittyhawk,https://www.facebook.com/kittyhawkchicago/,"Chicago, IL",Indie,bd074.jpg,"Chicago four-piece Kittyhawk play the sort of wry, dryly sweet pop songs that call to mind early 2000s bands such as Rainer Maria and The Anniversary. Trading bass guitar for a Farfiza organ, the band is anchored by the charming vocals of singer Kate Grube, whose narrative lyrics push their songs forward, inviting listeners to lean in a little closer. After the release of several split releases and a self-titled EP, the band is ready to release their debut full-length Hello, Again on Count Your Lucky Stars Records on October 14, 2014. Pre-order is now available via the Count Your Lucky Stars online store.",,,,,,,,,,,,
bd075,La Armada,https://armadahardcore.bandcamp.com/,"Chicago, Illinois",Hardcore,bd075.jpg,"During the early and mid-2000′s La Armada established themselves as one of the most influential bands in the Hardcore/Punk scene in their native Dominican Republic where they played countless shows and notched 2 releases under their belt. In 2007, after making a tough but groundbreaking decision to leave a land where even DIY culture is a commodity and very limited platforms existed to present their music, the band decided to relocate to Chicago.",,,,,,,,,,,,
bd076,La Querelle,https://laquerelle.bandcamp.com/,"Montréal, PQ",Indie,bd076.jpg,"The band built an epic post-rock with a building, driving rhythm section. The songs are sung with the heartfelt, poignant lyricism of classic ‘90s emo bands like Elliott and Sunny Day Real Estate. With three guitarists each adding their own distinct instrumental voice to the band’s richly textured songs retain a sonic richness that isn’t studio trickery; it’s the honest, unaffected sound of a group of friends cranking up the decibels and playing as fiercely as they can.",,,,,,,,,,,,
bd077,Late Night Munchies,https://www.facebook.com/Late-Night-Munchies-210591624561/,Québec City,Ska,bd077.jpg,"Des cuivrettes qui pèttent et de la disto sale, des riffs reggae et swing, du bon vieux punk rock et du ska toutes générations confondues, en autant que ça lève!",,,,,,,,,,,,
bd078,Lemuria,http://www.lemuriapop.com/,"Buffalo, New York",Punk,bd078.jpg,,,,,Katacombes,5/21/2016,1:00,1:45,,,,,
bd079,Les Breastfeeders,http://www.lesbreastfeeders.ca/en,"Montréal, PQ",Rock,bd079.jpg,"Since 1999, Les Breastfeeders have been mostly known for their explosive performances. This Montreal-based rock monster has proved that rock’n’roll is still up and alive, charming critics and public alike with their albums Déjeuner sur l’herbe (2004), Les matins de grands soirs (2006), which was also released in France and most recently with their album Dans la gueule des jours (2011). ",,,,,,,,,,,,
bd080,Les Happycuriens,https://leshappycuriens.bandcamp.com/,"Lanaudière, PQ",Ska,bd080.jpg,"Les Happycuriens, c’est un impressionnant groupe québécois de ska 100% francophone. En effet, en jumelant des mélodies très accrocheuses à des textes autant absurdes que lucides, le groupe lanaudois propose une musique festive dégageant un rafraichissant sentiment de bonheur et de joie de vivre. Concocté à partir d’influences reggae, jazz, rock et populaire, le mélange musical peut facilement rappeler des groupes comme Les Colocs, Yelo Molo et The Planet Smashers.",,,,Le Jardin des bières,5/20/2016,18:45,19:15,,,,,
bd081,Less Than Jake,http://www.lessthanjake.com/,"Gainesville, Florida",Ska,bd081.png,"Playing music is about moments. A collection of great moments defines an amazing record. An avalanche of powerful moments tumbles into an engaging live show. The moment when band and fan become one and the same, the moment of interaction, is the type of moment that lasts forever.",,,,,,,,,,,,
bd082,Loss Aversion,https://www.facebook.com/lossaversion/,"Oshawa, Ontaio",Punk,bd082.jpg,Loss aversion refers to the tendency for people to strongly prefer avoiding losses than acquiring gains. Some studies suggest that losses are as much as twice as psychologically powerful as gains.,,,,,,,,,,,,
bd083,Lost Love,https://lostlove.bandcamp.com/,"Montréal, PQ",Punk,bd083.jpg,"Lost Love is a young melodic pop-punk four-piece from Montreal. Formed in 2013, the band has toured relentlessly through Canada and the USA. They’ve shared the stage with some seriously awesome bands like Masked Intruder, Teenage Bottlerocket, PUP, The Ataris, Jeff Rosenstock, Make Do And Mend, DeeCracks and The Queers. ",,,,Foufones,5/22/2016,13:15,13:45,,,,,
bd084,Malfunction,https://www.facebook.com/Malfunctionhc/,"Buffalo, NY",Hardcore,bd084.jpg,,,,,,,,,,,,,
bd085,Mansbridge,https://www.facebook.com/mansbridgetheband/,"Montréal, PQ",Punk,bd085.jpg,,,,,TRH Bar,5/20/2016,17:30,18:00,,,,,
bd087,Merauder,http://www.facebook.com/merauderNY,"Brooklyn, NY",Hardcore,bd087.jpg,"If the music of New York City is any indication of what’s ingrained in the hearts of its people, Brooklyn’s own MERAUDER epitomizes the underbelly of inner-city America at its grittiest and most fearless. While rebellion-hungry suburbanites and wannabe gangstas fall victim to current trends and faux tough posturing, the true warrior spirit that is MERAUDER remains the genuine article after nearly two decades.",,,,,,,,,,,,
bd088,Merci Beaute,http://liguerock.com/LR3/band/merci-beaute,,,,,,,,,,,,,,,,
bd089,Molly Drag,https://mollydrag.bandcamp.com/,Ontario,Pop,bd089.jpg,,,,,,,,,,,,,
bd090,Molly Rhythm,https://mollyrhythm.bandcamp.com/,"Philadelphia, PA",Ska,bd090.jpg,"A theatrical, eclectic, goofy, entertaining, and loud rock band fronted by two female vocalists with catchy melodies and badass riffs",,,,Piranha Bar,5/21/2016,1:00,1:30,,,,,
bd091,Morgan,https://www.facebook.com/morganband/?fref=ts,"Valleyfield, QC",Punk,bd091.jpg,"Morgan, groupe de 4 musiciens originaires de la ville de Valleyfield située dans le sud-ouest du Québec, présente un style unique de musique hybride alliant le Country et le punk, tout en flirtant avec les rythmiques Bluegrass Sud-Américaines ainsi que les ''Irish drinking songs'' traditionnelles. Pour simplifier la chose, leur style a été baptisé ''Punk Agricole'' ou ''Cow Punk''.",,,,,,,,,,,,
bd092,Mountain Man,https://www.facebook.com/mountainmanhc,"Worcester, MA",Hardcore,bd092.jpg,,,,,,,,,,,,,
bd093,Murderburgers,https://themurderburgers.bandcamp.com/,"Edinburgh/Glasgow, Scotland",Punk,bd093.jpg,Pop-punk band from Scotland. Songs about being flat broke and going mental. Most unhappy when not on tour. Most mentally unstable when on tour.,,,,,,,,,,,,
bd094,Neck,https://necktunes.bandcamp.com/,"Ottawa, ON",Punk,bd094.jpg,"NECK are a punk-pop gang currently hiding out at Cretin Manner located in Lebreton Flats, Ontario. 'Hate to Read' is a jam packed debut featuring 24 unrelenting rippers. Less books ... More hooks! Gertrude Riddlesforth from The Nationally Educated Critics of Kanata describes the effort as 'the best book you'll never have to read' ",,,,,,,,,,,,
bd095,Night Birds,https://www.facebook.com/NGHTBRDS/,New Jersey,,bd095.jpg,"Nights Birds is comprised of four thoroughly modern morons from the NJ shore and Brooklyn, NY. When not creating the surfy, punk rock din they're oh so infamous for, they enjoy watching shitty movies, discussing where to get the best pizza, eating pizza, and laughing at the misfortunes of others.",,,,,,,,,,,,
bd096,Nightmares For A Week,https://nightmaresforaweek.bandcamp.com/,"Kingston, NY",,bd096.jpg,,,,,Katacombes,5/20/2016,20:45,21:15,,,,,
bd097,Ninjas N Aliens,https://ninjasnaliens.bandcamp.com/album/ninjasnaliens-full-album,"Montréal, PQ",Punk,bd097.jpg,We're armed and ready. We're Ninja family. We fight the Aliens within the confines of this very planet.,,,,,,,,,,,,x
bd098,Nuke,https://www.facebook.com/NUKEMTL,"Montréal, PQ",Hardcore,bd098.jpg,,,,,,,,,,,,,
bd099,OC-45,https://oc45.bandcamp.com/,"Boston, Massachusetts",Punk,bd099.jpg,"Since it's inception in the summer of 2011, OC45 has played over 350 shows and spent approximately 43 weeks on the road, spanning six different DIY tours throughout North America. In Septmeber 2013, the band released it's debut EP, ""When It Hits"", on it's own label, BirdsEye Records. March 2015's follow-up release, ""Burn It"", was also released on BirdsEye, this time with the help of Boise's 1332 Records. With sights set on Europe in 2016 and a full-length in 2017, OC45 is showing absolutely no signs of slowing down.",,,,Piranha Bar,5/21/2016,2:30,3:00,,,,,
bd101,Oh My Snare!,https://ohmysnare.bandcamp.com/,"Montréal, PQ",Punk,bd101.jpg,,,,,Piranha Bar,5/21/2016,1:45,2:15,,,,,
bd102,Old Towns,oldtowns.bandcamp.com,"Edmonton, AB",Folk,bd102.jpg,,,,,Frite Alors!,5/20/2016,22:30,23:00,,,,,
bd103,On The Cinder,https://onthecinder.bandcamp.com/,"Buffalo, NY",Punk,bd103.jpg,"On The Cinder is a 3-piece punk rock band based out of Buffalo, NY. With everything from melodic harmonies, to ripping guitar and bass leads, to guttural screams, and a collection of influences that range from the Descendents to A Wilhelm Scream, they tread the line between punk rock and melodic hardcore. Their first full-length album, “The Fight Against Ourselves” will be released in April of 2016 on Between the Days Records, with a 2-month tour to follow. The tour includes dates date across the eastern half of the US, and a handful of Canadian dates including Pouzza Fest in Montreal.",,,,Piranha Bar,5/20/2016,22:00,22:30,,,,,
bd104,One Flight Down,https://oneflightdown.bandcamp.com/releases,"Québec, QC",Emo,bd104.jpg,Songs about ex-girlfriends with guitars and some other stuff.,,,,Katacombes,5/20/2016,21:30,22:00,,,,,
bd105,Pale Lips,https://palelips.bandcamp.com/,"Montréal, PQ",Punk,bd105.jpg,Drippy mascara slopped rock n roll with sprinkles!,,,,Theatre Ste. Catherine,5/20/2016,22:30,23:00,,,,,
bd106,Peace Be Still,https://peacebestill.bandcamp.com/,"Mississauga, ON",Emo,bd106.jpg,"Nice and interesting, and all the other things girls say about guys they don't really like.",,,,,,,,,,,,
bd107,Pistols At Dawn,http://www.pistolsatdawnpunk.bandcamp.com/,"Ottawa, Ontario",Punk,bd107.jpg,,,,,Theatre Ste. Catherine,5/20/2016,18:45,19:15,,,,,
bd108,Pkew Pkew Pkew,https://pkewx3.bandcamp.com/,"Toronto, ON",Punk,bd108.jpg,"And to think it all started with a Craigslist ad. Mike Warne (vocals, guitar) posted a call for band auditions, and only one person responded; a lone musician performing in a TV theme song cover band who played a mean version of the Pokemon intro. Naturally, Mike had to have him over to audition. His first meeting with Ryan McKinley (guitar, vocals) turned into a night of drinking cheap bottles of wine on Mike’s roof, and not playing any music. As the newfound friendship blossomed over a love of drinking and anime, the band began to take shape. Soon after came Emmett O'Reilly (bass and vocals) and Dave Laino (drums and vocals) who also fit the bill.",,,,,,,,,,,,
bd109,PL Mafia,https://plmafia.bandcamp.com/,"Montréal, PQ",Ska,bd109.jpg,"Ensemble depuis 2003, PL Mafia est un groupe ska-punk francophone de Montréal. Avec ses prestations festives, le groupe s’est rapidement fait connaître sur la scène alternative québécoise par sa passion, son acharnement et l’énergie brute de ses spectacles. Le groupe s’est produit en concert plus de 150 fois avec plusieurs grandes têtes d’affiches (The Suicide Machines, Streetlight Manifesto, Big D and the Kids table, etc.) et ce dans 3 pays différents. Ils reviennent tout juste d’une tournée estivale en France, qui fut d’ailleurs un franc succès!",,,,Le Jardin des bières,5/20/2016,19:30,20:00,,,,,
bd110,Pluum,https://pluum.bandcamp.com/,"Montréal, PQ",Hardcore,bd110.jpg,,,,,,,,,,,,,
bd111,Prowl,#,,,,,,,,,,,,,,,,
bd112,Ray Rocket (Teenage Bottlerocket),http://teenagebottlerocket.com/," Laramie, WY",Punk,bd112.jpg,,,,,,,,,,,,,x
bd113,Rebuilder,https://rebuilderboston.bandcamp.com/,"Boston, MA",Punk,bd113.jpg,Rebuilder is a Gnarly Punk band from Boston.,,,,,,,,,,,,
bd114,Red Arms,http://redarms.bandcamp.com,"London, ON",Punk,bd114.jpg,"London, Ontario’s Red Arms like their rock loud, fast, and catchy. The noisy post-punk fueled guitar hooks and fill heavy drums, kick out the jams in a distortion-heavy wall of sound, mining the likes of all your favorite SST, Merge, Touch and Go, and Matador records in the process. The band released their first EP digitally in the fall of 2013 which gained the attention of CBC’s Grant Lawrence and led to the regular airplay of the single, Down To Sound. They released the EP on CD and cassette in early 2015 via the indie cassette-only/promotion label, Curt Murder Fan Club. A scorching new 7"" will released on Yeah Right! Records in March 2016.",,,,,,,,,,,,x
bd115,Red Mass,http://redmassmusic.com/,"Montréal, PQ",,bd115.jpg,"The variable artists involved create a diverse and profound array of images, sounds and planes of existence. While being created and held together by, Roy 'Choyce' Vucino, the band has been ever evolving and constantly in progress since it's beginning point. The project is now also affiliated with the music collectives the Seventh Order of Chaos & Brakhage. Drawing on roots music, punk, rock'n'roll, metal, folk, pop and experimental threads... Red Mass has an illusion for all.",,,,Katacombes,5/21/2016,0:00,0:45,,,,,
bd116,Ringworm,https://www.facebook.com/Ringworm13/,"Cleveland, OH",Hardcore,bd116.jpg,"Cleveland’s legendary kings of metallic hardcore return with their Relapse debut Hammer Of The Witch. 13 songs of fire-y rage propelled by lead vocalist Human Furnace’s wrathful fury, this is a record sure to satisfy metalheads and hardcore kids alike. Riffs and grooves collide on songs like ‘Psychic Vampires’ and ‘Bleed’ creating some of the most vicious hooks to get stuck in your brain in a long, long time. Hammer Of The Witch might just be the finest moment in Ringworm’s 20+ year career.",,,,,,,,,,,,
bd117,Rusty Feather,https://rustyfeather.bandcamp.com/,"Montréal, PQ",Punk,bd117.jpg,Montreal's band inspired by west coast punk rock from the era when some of us were just toddlers while others hadn't even been born.,,,,,,,,,,,,
bd118,S.T.O.P,https://www.facebook.com/STOP-437301059636726/?fref=ts,"Boisbriand, PQ",Ska,bd118.jpg,,,,,,,,,,,,,
bd119,Sabotage,http://sabotagehc.bandcamp.com,"Welland, Ontario",Punk,bd119.jpg,,,,,,,,,,,,,
bd120,Sammy Kay,https://www.facebook.com/sammykaynj/,"Asbury Park, NJ",Blues,bd120.jpg,,,,,Frite Alors!,5/21/2016,0:45,1:15,,,,,
bd121,Save Ends,https://saveends.bandcamp.com/,"Holliston, MA",,bd121.jpg,"A minute or so into ""PunkORama 30"", the opening song on Warm Hearts, Cold Hands, Save Ends slugs their listeners in the face with a circle pit-worthy charge into the first verse of their first full-length.",,,,Katacombes,5/20/2016,22:15,22:45,,,,,
bd122,Scare,https://scareqc.bandcamp.com/,"Québec, PQ",Hardcore,bd122.jpg,,,,,Piranha Bar,5/20/2016,23:30,0:00,,,,,
bd123,School Damage,https://www.facebook.com/schooldamage,"Toronto, ON",Punk,bd123.jpg,School Damage’s gritty but melodic style of punk rock is a mix of raw hardcore energy and Ramones- four chords worship. The songs start and stop on a dime while dripping enough piss and vinegar to leave you dehydrated and thirsty for more. ,,,,,,,,,,,,
bd124,Seth Anderson,http://www.sethandersonmusic.com/,"Hartland, NB",Folk,bd124.jpg,"Seth Anderson, The Renegade Kid, has been steadily building a Canadian music career from the ground up for over four years. Applying his blue collar work ethic to his music, of which he is most recognized for his catchy, truth laden, heart driven lyrics. “Anderson grabs your attention with a pure, honest, heartfelt sound that jumps out at you from the first note and stays with you long after you've stopped listening.” (Mike Gowing, Gray Dog Productions, Montreal, PQ).",,,,Foufones,5/21/2016,13:15,13:45,,,,,
bd125,Sick of it All,http://www.sickofitall.com/,"New York, NY",Hardcore,bd125.jpg,"Living legends are revered for good reason. They are proof of an ideal. They are roots from which future generations grow. When New York city leading lights sick of it all formed in 1986, they had no idea they’d be here today, continuing to release spirited, revolution-calling hardcore.",,,,Foufones,5/21/2016,0:00,1:00,,,,,x
bd126,Sink Or Swim,https://sinkorswimvt.bandcamp.com/,"Burlington, VT",Punk,bd126.jpg,"We started practicing in September of 2012 and began playing shows by January 2013, releasing a CD EP that summer and a new demo in the fall. Due to drummer issues and problems with the Canadian border, we played unplugged at Pouzza Fest in Montreal, QC in May 2014, calling it quits shortly after that. Recently, we've found a new drummer and are hoping to get ourselves off the ground for 2015. Stay tuned...",,,,,,,,,,,,
bd127,Sketchy,https://thebandsketchy.bandcamp.com/,"Brooklyn, NY",,bd127.jpg,"Once upon a time, Chris ran away from home and hid from the sun on Cape Cod. A bunch of people were like...""What the hell, man?"" He came back to NY about a year later and went to a Pandemics show, where he met Vizzi and asked if he knew anyone who wanted to start a band. He sent over some demos and let Vizzi do the rest of the work. Pretty typical move for Chris.",,,,Theatre Ste. Catherine,5/20/2016,21:45,22:15,,,,,
bd128,Speed Massacre,https://speedmassacremtl.bandcamp.com/,"Montréal, PQ",Punk,bd128.jpg,,,,,,,,,,,,,
bd129,Stereomonroe,https://www.facebook.com/Stereomonroe/?ref=ts&amp;fref=ts,"Chicoutimi, QC",Punk,bd129.jpg,"Stéréomonroe c'est 15ans de fidélité au punkrock, à l'amour la vérité la famille les ami(e)s et à l'espoir malgré tout.",,,,,,,,,,,,
bd130,Strengthen What Remains,https://www.facebook.com/strengthenwhatremains,"Tampa, FL",Hardcore ,bd130.jpg,,,,,,,,,,,,,
bd131,Stuck Out Here,https://stuckouthere.bandcamp.com/,"Toronto, ON",Punk,bd131.jpg,party angst anthems,,,,Theatre Ste. Catherine,5/20/2016,23:15,23:45,,,,,
bd132,Such Gold,https://www.facebook.com/suchgold,"Rochester, NY",Punk,bd132.jpg,,,,,,,,,,,,,
bd133,Suicide Machines,https://www.facebook.com/suicidemachinesdetroit,"Detroit, MI",Punk,bd133.jpg,,,,,,,,,,,,,x
bd134,Sunday,https://www.facebook.com/sundaymtl/?ref=ts&amp;fref=ts,"Montréal, PQ",Punk,,,,,,TRH Bar,5/20/2016,19:00,19:30,,,,,
bd135,Swinging Flaws,https://swingingflaws.bandcamp.com/,"Montréal, PQ",Alt-Rock,bd135.jpg,"Alt-rock band from Montreal, inspired by the rock of the 90's and the indie pop of today. A sweet mix of soft vocals and rough guitars.",,,,,,,,,,,,
bd136,Talk Show Host,https://welovetalkshowhost.bandcamp.com/releases,"Toronto, ON",Punk,bd136.jpg,"Two recovering punks and an indie rocker walk into a bar.",,,,,,,,,,,,
bd137,Teenage Halloween,https://tngehllwn.bandcamp.com/releases,"Asbury Park, NJ",Pop,bd137.jpg,We believe in community and seek to destroy bigotry. We also want everyone to have fun. We play upbeat music that you can dance to. Parties spring up wherever we play. ,,,,TRH Bar,5/20/2016,19:45,20:15,,,,,
bd138,The Beatdown,https://www.facebook.com/TheBeatdown,"Montréal, PQ",Ska,bd138.jpg,"They call it Northern Reggae…A one-hundred proof blend of raspy rocksteady, sizzling soul, surf swagger and punkrock pedigree shaken (not stirred) with a double shot of the roughest roots reggae your ears have ever tasted. Pour it into a highball glass over some ice-cold lyrics and you’ve got The Beatdown’s latest full-length offering “Walkin’ Proud”. Following hot on the heels of their acclaimed 2010 self-titled debut, “Walkin’ Proud” is an apologetic collection of thirteen hard driving, soulful bangers coming straight from the gut. The album was recorded almost entirely live off the floor, capturing the raw live energy, urgency and unmarred production that has made The Beatdown an established underground favorite with fans and newbies alike.",,,,Le Jardin des bières,5/20/2016,20:15,20:45,,,,,
bd139,The Cardboard Swords,http://thecardboardswords.com/,"Grand Rapids, MI",Pop,bd139.jpg,,,,,,,,,,,,,
bd140,The Copyrights,https://www.facebook.com/thecopyrightsband/?fref=ts,Carbondale.IL,Punk,bd140.jpg,"If you're gonna read anything in this bio, at least get these few facts straight: 1) The Copyrights are from a small college town in downstate Illinois called Carbondale, and are by far the biggest thing to come out of those cornfields as they have toured internationally multiple times; 2) They just released a 3-song EP on Fat Wreck Chords called, No Knocks, which is just a teaser for their upcoming LP, Report, due out on Red Scare in August; and 3) they're one of the best, smartest bands making buzzy, anthemic pop-punk in 2014.",,,,,,,,,,,,
bd141,The Creeps,https://thecreeps.bandcamp.com/,"Ottawa, ON",Punk,bd141.jpg,,,,,,,,,,,,,x
bd142,The Dewtons,https://www.facebook.com/The-Dewtons-175460225798687/,"Detroit, MI",Punk,bd142.jpg,"""The Dewtons...the most violent pop-punk show you'll ever attend, short of the Ramones!"" -Andy Stomper of Bad Assets.",,,,,,,,,,,,
bd143,The Dreadnoughts,https://www.facebook.com/thedreadnoughts/,"Vancouver, BC",Punk,bd143.jpg,"One part roaring sea shanty, one part haunting folk melody, and a solid chaser of gut-crunching street punk:The Dreadnoughts are Vancouver's biggest, baddest, drunkest, punkest folk band. ",,,,,,,,,,,,
bd144,The Drunken Wobblies,https://thedrunkenwobblies.bandcamp.com/,"Montreal, PQ",Punk,bd144.jpg,,,,,,,,,,,,,
bd145,The Filthy Radicals,https://thefilthyradicals1.bandcamp.com/,"Toronto, ON",Ska,bd145.jpg,"We are the Filthy Radicals, We came to Fucking Party!!!! Lets Get Filthy...",,,,,,,,,,,,
bd146,The Fleshtones,https://www.facebook.com/The-Fleshtones-Official-177240861436/,"Hitsburg, USA",Rock,bd146.jpg,"Since 1976, THE FLESHTONES have been blending R&R and R&B, serving it across the globe with smiles, attitude, and sweat, & calling it SUPER ROCK!",,,,,,,,,,,,
bd147,The Hunters,http://thehuntersmusic.com/,"Quebec City, PQ",Punk,bd147.jpg,"4 young passionate musicians. Thousands of miles across the globe. A lot of shitty shows, but many great ones. Blood, sweat & tears. Lots of promises & dreams. A couple drunken silly things. This is The Hunters. This is ART ELECTRIC.",,,,,,,,,,,,x
bd148,The Lippies,https://thelippies.bandcamp.com/releases,"Grand Rapids, MI",Punk,bd148.jpg,"The Lippies are a feminist pop-punk band from Grand Rapids, Michigan. Since coming together in August of 2014, the band has been making a lot of noise in the Midwest music scene with their self-released first EP and subsequent live shows. The music can be described as extremely catchy pop punk, with sing-a-long hooks, but don't let that fool you–this is a punk band that has you singing along with lyrics about the personal journey of a budding riot grrrl finding her place in today's world. Vocalist, Tonia Broucek, has spent time in the basement/DIY scene in the Midwest, building a fan base with just her ukelele and a message, and has now put together a full band around that message. Recently the band signed to punk label Red Scare Industries and released their first full length on March 4th 2016.",,,,,,,,,,,,
bd149,The Nasties,http://www.thenasties.net/,"Guelph, Ontario",Punk,bd149.jpg,,,,,,,,,,,,,
bd150,The Penske File,https://www.facebook.com/thepenskefile/,"Burlington, ON",Punk,bd150.jpg,,,,,,,,,,,,,
bd151,The Planet Smashers,https://www.facebook.com/ThePlanetSmashers/,"Montréal, PQ",Ska,bd151.jpg,Pure unadulterated party ska awesomeness served up hot with a large order of radical sauce on the side just for good measure.,,,,Le Jardin des bières,5/20/2016,22:00,23:00,,,,,
bd152,The Putz,http://theputz.bandcamp.com/music,"Indianapolis, Indiana",Punk,bd152.jpg,"The Putz is a pop punk rock band from Indianapolis, IN. In June of 2010 The Putz released their first their first studio album, ""Hole In One"", which they recorded at the legendary Sonic Iguana with Philip Hill. The Putz spent the following years playing around the Midwest with bands like The Queers, Flamingo Nosebleed, Parasites, The Dopamines, The Leftovers, and The Dewtons, to name a few. In October of 2012 The Putz won the Punk Rock Night Award for Best Local Band. In 2012 The Putz released two EPs simultaneously, ""Beach Bound"", recorded with Joe Queer and Jim Tierney, and ""The Party of the Century"", recorded again at Sonic Iguana. Also in 2012, The Putz hit the studio to record their second full-length album, ""Knock It Off."" Currently, The Putz are working on the release of Knock It Off and preparing to return to the studio as soon as possible. ",,,,,,,,,,,,
bd153,The Raging Nathans,https://www.facebook.com/TheRagingNathans/,"Dayton, OH",Punk,bd153.jpg,,,,,Theatre Ste. Catherine,5/21/2016,0:00,0:30,,,,,
bd154,The Red Owls,https://www.facebook.com/theredowls/,"Everywhere, New York",Punk,bd154.jpg,"Formed in early 2015 by ex-members and members of The Ataris, Nightmares for a Week, Anadivine and Hidden In Plain View. The Red Owls came together to record ""Do You Feel Any Better?. This EP marks the beginning of their creative pursuit to capture the sounds that their collective influences left ringing in their ears while adding a healthy dose of new life to this nostalgic genre.",,,,,,,,,,,,
bd155,The Rememberables,https://www.facebook.com/rememberables/,"Washington, DC",Pop,bd155.jpg,,,,,TRH Bar,5/20/2016,21:15,21:45,,,,,
bd156,The Sainte Catherines,#,"Montréal, PQ",Punk,bd156.jpg,,,,,,,,,,,,,x
bd157,The Slow Death,https://www.facebook.com/theslowdeath/,"Sydney, Australia",Metal,bd157.jpg,"The Slow Death was formed in 2007 by Stuart Prickett, Mandy Andresen and Gregg Williamson as a doom/death recording project. The first self titled cd was recorded and released in 2008 to good reviews. In 2010 Yonn Mclaughlin joined as drummer and the second album recordings began. 'II' was again, self released in April 2012. In November 2012 Dan Garcia and Brett Campbell joined the band, and writing of the 3rd album was completed, to be recorded soon.",,,,Theatre Ste. Catherine,5/21/2016,1:30,2:15,,,,,
bd158,The Snails,https://thesnailsband.bandcamp.com/,"Philadelphia, Pennsylvania",Soul,bd158.jpg,"The Snails are an eclectic act whose work, though identifiable with definite genres, defies generalization. Having spent previous years exploring and writing in the style of mid-century Jamaican music (ska, rocksteady, reggae) the group now brings influences as various and distant from each other as American garage rock and rhythm ‘n’ blues to the forefront of their original sound. Their songs are lyrically poignant (“poetry dressed with tune”), their rhythms aggressive, and their performance electrifying. Catch the beat, and you’ll never be able to put it down.",,,,,,,,,,,,
bd159,The Stragglers,https://stragglers.bandcamp.com/,"London, Ontario",Punk,bd159.jpg,"Punks with houses. We're fucking role models! Just to clarify, we are not role models but our girlfriends are and we bang them.",,,,,,,,,,,,
bd160,The Valveenus,https://valveenus.bandcamp.com/,"Ottawa, Ontario",Punk,bd160.jpg,"The Valveenus formed in 2004, becoming more active over the years creating a unique folk-influenced punk rock sound . Over the years we've shared the stage with such bands as SNFU, The Real MacKenzies, Guttermouth, Old Man Markley, Cobra Skulls, Nothington, The Koffin Kats, Gob,The Swellers and many more great bands. If you're interested in playing or booking a show with us, contact Matt at mattracha@gmail.com",,,,TRH Bar,5/20/2016,22:00,22:45,,,,,
bd161,The Weak Days,https://thaweakdays.bandcamp.com/,"Richmond, VA",,bd161.jpg,,,,,,,,,,,,,
bd162,Townes Cosentino,https://townescosentino.bandcamp.com/,"Bronx, New York",Punk,bd162.jpg,,,,,Frite Alors!,5/21/2016,0:00,0:30,,,,,
bd163,Trail of Lies,https://www.facebook.com/trailoflies315/,"Syracuse, New York",Hardcore,,,,,,,,,,,,,,
bd164,Trophy Lungs,https://trophylungs.bandcamp.com/,"Boston, MA",Punk,bd164.jpg,Four intoxicated nerds playing mediocre music in between episodes of The X-Files.,,,,Piranha Bar,5/21/2016,0:15,0:45,,,,,
bd165,TRSTSS,https://trstss.bandcamp.com/releases,"Montréal, PQ",Punk,,,,,,,,,,,,,,
bd166,Typesetter,https://typesetter.bandcamp.com/,"Chicago, IL",Punk,bd166.jpg,"Typesetter is a band from Chicago, IL. They are influenced by punk, indie rock, shoegaze and noise rock. Since 2012 the band has played 250+ shows in the US, Canada, and Europe. Their latest release, LP ""Wild's End,"" came out in October 2014 on Black Numbers. ",,,,,,,,,,,,
bd167,Undesirable People,https://www.facebook.com/undesirablepeople/,"Detroit, MI",Punk,bd167.jpg,,,,,,,,,,,,,
bd168,Up For Nothing,https://upfornothing.bandcamp.com/,"Brooklyn, New York",Punk,bd168.jpg,If you like 90's punk rock.... This!,,,,,,,,,,,,
bd169,Vulgar Deli,https://www.facebook.com/The-Vulgar-Deli-7797174911/?ref=nf,"Montréal, PQ",Punk,bd169.jpg,"Deli veterans Franck O'Brains (Tailgunner, The Brains, Ripcordz) and Uncle Costa (Blood Sausage,Grim Skunk), along with Charly (Squalor), Davey (Von Rebels) , Troy Cockhard, (Rockhard), return from the proctologist with a brand new Faster and Louder mid-life-crisis hardcore attitude.",,,,Piranha Bar,5/20/2016,22:45,23:15,,,,,x
bd170,Walk The Plank,http://walktheplank.bandcamp.com,Washington D.C.,Hardcore,bd170.jpg,,,,,Foufones,5/20/2016,19:45,20:15,,,,,
bd171,Wasted Potential,https://wastedpotential.bandcamp.com/,"London, ON",Hardcore,bd171.jpg,"Born in the backrooms of London, ON - littered with pizza boxes and beer cans, OSAP loans and amp tubes is Wasted Potential. Made up of members from bands that no longer matter – but once held great promise the very make up of the bands past gives light to the name – a reality so many musicians face – to put everything in and getting nothing back. But that may have changed with this group of seasoned local heroes, going against the grain of their very own name – as a powerhouse mix of attitude, talent and a live show that envelopes the audience into the fold of the angst-y anxiety ridden world of front man Danny Kidd – usually wasted, these guys are doing anything but wasting their potential.",,,,,,,,,,,,x
bd172,Wayne Kennedy,https://waynekennedy.bandcamp.com/releases,"Lindsay, ON",Punk,bd172.jpg, Wayne Kennedy has all the defiant passion and mad vocal energy you would hear with a punk band but performed by strumming the ever-loving-shit out of an acoustic guitar. ,,,,,,,,,,,,
bd173,WD40,https://wd-40.bandcamp.com/,"Montréal, PQ",Punk,bd173.jpg,"Tout a commencé en 1994… Ayant quitté Chicoutimi trois ans plus tôt pour conquérir le monde, il me vint l’envie de faire enfin la musique qui jouait dans ma tête depuis toujours. Tanné de jouer dans des groupes pas bons, je pris le contrôle de ma vie et, sans trop m’en rendre compte, je créai un monstre.",,,,,,,,,,,,
bd174,Weak Ends,https://weakends.bandcamp.com/,"Saskatoon, SK",Hardcore,bd174.jpg,,,,,,,,,,,,,
bd175,Wild Side,https://wildsidehc.bandcamp.com,Ontario,,,,,,,,,,,,,,,
bd176,Windoc,https://windoc.bandcamp.com/,"Thorold, Ontario",Hardcore,,,,,,,,,,,,,,
bd177,Wolf-Face,https://www.facebook.com/pubesonmyface/,"Saint Petersburg, FL",Punk,bd177.jpg,"In high school Michael J. Wolf made some serious waves when Hollywood decided to steal his life story of being a small town basketball playing werewolf and put it on the silver screen. Nowadays, Michael has found his groove rocking a hard pumping and infectious brand of hairy punk rock with his pack-mates Rain Wolf, Good Wolf, and Wolf Fart.",,,,,,,,,,,,
bd178,You Vandal,https://www.facebook.com/youvandalfl,"Gainesville, FL",Punk,bd178.jpg,,,,,Theatre Ste. Catherine,5/20/2016,19:30,20:00,,,,,
bd179,Pouzza Dinner,,,,,,,,,Perfecto,5/20/2016,17:00,19:00,,,,,
bd180,Burger Barrington,,,,,,,,,Foufones,5/21/2016,12:30,13:00,,,,,